ds,year,form,V4,varname,irn
ICPSR_02521,1991,1,8th,v1226,00030
ICPSR_02521,1991,2,8th,v2226,00030
ICPSR_02521,1991,3,8th,v1226,00030
ICPSR_02521,1991,4,8th,v2226,00030
ICPSR_02521,1991,1,8th,v1230,00090
ICPSR_02521,1991,2,8th,v2230,00090
ICPSR_02521,1991,3,8th,v1230,00090
ICPSR_02521,1991,4,8th,v2230,00090
ICPSR_02521,1991,1,8th,v1239,00310
ICPSR_02521,1991,2,8th,v2239,00310
ICPSR_02521,1991,3,8th,v1239,00310
ICPSR_02521,1991,4,8th,v2239,00310
ICPSR_02521,1991,1,8th,v1240,00320
ICPSR_02521,1991,2,8th,v2240,00320
ICPSR_02521,1991,3,8th,v1240,00320
ICPSR_02521,1991,4,8th,v2240,00320
ICPSR_02521,1991,1,8th,v1244,00380
ICPSR_02521,1991,2,8th,v2244,00380
ICPSR_02521,1991,3,8th,v1244,00380
ICPSR_02521,1991,4,8th,v2244,00380
ICPSR_02521,1991,1,8th,v1264,00630
ICPSR_02521,1991,2,8th,v2264,00630
ICPSR_02521,1991,3,8th,v1264,00630
ICPSR_02521,1991,4,8th,v2264,00630
ICPSR_02521,1991,1,8th,v1114,05920
ICPSR_02521,1991,2,8th,v2114,05920
ICPSR_02521,1991,3,8th,v1114,05920
ICPSR_02521,1991,4,8th,v2114,05920
ICPSR_02521,1991,1,8th,v1139,07930
ICPSR_02521,1991,2,8th,v2139,07930
ICPSR_02521,1991,3,8th,v1139,07930
ICPSR_02521,1991,4,8th,v2139,07930
ICPSR_02521,1991,1,8th,v1140,07950
ICPSR_02521,1991,2,8th,v2140,07950
ICPSR_02521,1991,3,8th,v1140,07950
ICPSR_02521,1991,4,8th,v2140,07950
ICPSR_02521,1991,1,8th,v1101,24770
ICPSR_02521,1991,2,8th,v2101,24770
ICPSR_02521,1991,3,8th,v1101,24770
ICPSR_02521,1991,4,8th,v2101,24770
ICPSR_02522,1992,1,8th,v1225,00030
ICPSR_02522,1992,2,8th,v2224,00030
ICPSR_02522,1992,3,8th,v1225,00030
ICPSR_02522,1992,4,8th,v2224,00030
ICPSR_02522,1992,1,8th,v1229,00090
ICPSR_02522,1992,2,8th,v2228,00090
ICPSR_02522,1992,3,8th,v1229,00090
ICPSR_02522,1992,4,8th,v2228,00090
ICPSR_02522,1992,1,8th,v1238,00310
ICPSR_02522,1992,2,8th,v2237,00310
ICPSR_02522,1992,3,8th,v1238,00310
ICPSR_02522,1992,4,8th,v2237,00310
ICPSR_02522,1992,1,8th,v1239,00320
ICPSR_02522,1992,2,8th,v2238,00320
ICPSR_02522,1992,3,8th,v1239,00320
ICPSR_02522,1992,4,8th,v2238,00320
ICPSR_02522,1992,1,8th,v1243,00380
ICPSR_02522,1992,2,8th,v2242,00380
ICPSR_02522,1992,3,8th,v1243,00380
ICPSR_02522,1992,4,8th,v2242,00380
ICPSR_02522,1992,1,8th,v1263,00630
ICPSR_02522,1992,2,8th,v2262,00630
ICPSR_02522,1992,3,8th,v1263,00630
ICPSR_02522,1992,4,8th,v2262,00630
ICPSR_02522,1992,1,8th,v1108,05920
ICPSR_02522,1992,2,8th,v2108,05920
ICPSR_02522,1992,3,8th,v1108,05920
ICPSR_02522,1992,4,8th,v2108,05920
ICPSR_02522,1992,1,8th,v1138,07930
ICPSR_02522,1992,2,8th,v2137,07930
ICPSR_02522,1992,3,8th,v1138,07930
ICPSR_02522,1992,4,8th,v2137,07930
ICPSR_02522,1992,1,8th,v1139,07950
ICPSR_02522,1992,2,8th,v2138,07950
ICPSR_02522,1992,3,8th,v1139,07950
ICPSR_02522,1992,4,8th,v2138,07950
ICPSR_02522,1992,1,8th,v1101,24770
ICPSR_02522,1992,2,8th,v2101,24770
ICPSR_02522,1992,3,8th,v1101,24770
ICPSR_02522,1992,4,8th,v2101,24770
ICPSR_02522,1992,1,8th,v1269,25860
ICPSR_02522,1992,2,8th,v2268,25860
ICPSR_02522,1992,3,8th,v1269,25860
ICPSR_02522,1992,4,8th,v2268,25860
ICPSR_02523,1993,1,8th,v1226,00030
ICPSR_02523,1993,2,8th,v2227,00030
ICPSR_02523,1993,3,8th,v1226,00030
ICPSR_02523,1993,4,8th,v2227,00030
ICPSR_02523,1993,1,8th,v1230,00090
ICPSR_02523,1993,2,8th,v2231,00090
ICPSR_02523,1993,3,8th,v1230,00090
ICPSR_02523,1993,4,8th,v2231,00090
ICPSR_02523,1993,1,8th,v1239,00310
ICPSR_02523,1993,2,8th,v2240,00310
ICPSR_02523,1993,3,8th,v1239,00310
ICPSR_02523,1993,4,8th,v2240,00310
ICPSR_02523,1993,1,8th,v1240,00320
ICPSR_02523,1993,2,8th,v2241,00320
ICPSR_02523,1993,3,8th,v1240,00320
ICPSR_02523,1993,4,8th,v2241,00320
ICPSR_02523,1993,1,8th,v1244,00380
ICPSR_02523,1993,2,8th,v2245,00380
ICPSR_02523,1993,3,8th,v1244,00380
ICPSR_02523,1993,4,8th,v2245,00380
ICPSR_02523,1993,1,8th,v1264,00630
ICPSR_02523,1993,2,8th,v2265,00630
ICPSR_02523,1993,3,8th,v1264,00630
ICPSR_02523,1993,4,8th,v2265,00630
ICPSR_02523,1993,1,8th,v1108,05920
ICPSR_02523,1993,2,8th,v2108,05920
ICPSR_02523,1993,3,8th,v1108,05920
ICPSR_02523,1993,4,8th,v2108,05920
ICPSR_02523,1993,1,8th,v1138,07930
ICPSR_02523,1993,2,8th,v2137,07930
ICPSR_02523,1993,3,8th,v1138,07930
ICPSR_02523,1993,4,8th,v2137,07930
ICPSR_02523,1993,1,8th,v1139,07950
ICPSR_02523,1993,2,8th,v2138,07950
ICPSR_02523,1993,3,8th,v1139,07950
ICPSR_02523,1993,4,8th,v2138,07950
ICPSR_02523,1993,1,8th,v1101,24770
ICPSR_02523,1993,2,8th,v2101,24770
ICPSR_02523,1993,3,8th,v1101,24770
ICPSR_02523,1993,4,8th,v2101,24770
ICPSR_02523,1993,1,8th,v1270,25860
ICPSR_02523,1993,2,8th,v2271,25860
ICPSR_02523,1993,3,8th,v1270,25860
ICPSR_02523,1993,4,8th,v2271,25860
ICPSR_02475,1994,1,8th,v1227,00030
ICPSR_02475,1994,2,8th,v2227,00030
ICPSR_02475,1994,3,8th,v1227,00030
ICPSR_02475,1994,4,8th,v2227,00030
ICPSR_02475,1994,1,8th,v1231,00090
ICPSR_02475,1994,2,8th,v2231,00090
ICPSR_02475,1994,3,8th,v1231,00090
ICPSR_02475,1994,4,8th,v2231,00090
ICPSR_02475,1994,1,8th,v1240,00310
ICPSR_02475,1994,2,8th,v2240,00310
ICPSR_02475,1994,3,8th,v1240,00310
ICPSR_02475,1994,4,8th,v2240,00310
ICPSR_02475,1994,1,8th,v1241,00320
ICPSR_02475,1994,2,8th,v2241,00320
ICPSR_02475,1994,3,8th,v1241,00320
ICPSR_02475,1994,4,8th,v2241,00320
ICPSR_02475,1994,1,8th,v1245,00380
ICPSR_02475,1994,2,8th,v2245,00380
ICPSR_02475,1994,3,8th,v1245,00380
ICPSR_02475,1994,4,8th,v2245,00380
ICPSR_02475,1994,1,8th,v1265,00630
ICPSR_02475,1994,2,8th,v2265,00630
ICPSR_02475,1994,3,8th,v1265,00630
ICPSR_02475,1994,4,8th,v2265,00630
ICPSR_02475,1994,1,8th,v1108,05920
ICPSR_02475,1994,2,8th,v2108,05920
ICPSR_02475,1994,3,8th,v1108,05920
ICPSR_02475,1994,4,8th,v2108,05920
ICPSR_02475,1994,1,8th,v1139,07930
ICPSR_02475,1994,2,8th,v2137,07930
ICPSR_02475,1994,3,8th,v1139,07930
ICPSR_02475,1994,4,8th,v2137,07930
ICPSR_02475,1994,1,8th,v1140,07950
ICPSR_02475,1994,2,8th,v2138,07950
ICPSR_02475,1994,3,8th,v1140,07950
ICPSR_02475,1994,4,8th,v2138,07950
ICPSR_02475,1994,1,8th,v1101,24770
ICPSR_02475,1994,2,8th,v2101,24770
ICPSR_02475,1994,3,8th,v1101,24770
ICPSR_02475,1994,4,8th,v2101,24770
ICPSR_02475,1994,1,8th,v1271,25860
ICPSR_02475,1994,2,8th,v2271,25860
ICPSR_02475,1994,3,8th,v1271,25860
ICPSR_02475,1994,4,8th,v2271,25860
ICPSR_02390,1995,1,8th,v1233,00030
ICPSR_02390,1995,2,8th,v2228,00030
ICPSR_02390,1995,3,8th,v1233,00030
ICPSR_02390,1995,4,8th,v2228,00030
ICPSR_02390,1995,1,8th,v1237,00090
ICPSR_02390,1995,2,8th,v2232,00090
ICPSR_02390,1995,3,8th,v1237,00090
ICPSR_02390,1995,4,8th,v2232,00090
ICPSR_02390,1995,1,8th,v1246,00310
ICPSR_02390,1995,2,8th,v2241,00310
ICPSR_02390,1995,3,8th,v1246,00310
ICPSR_02390,1995,4,8th,v2241,00310
ICPSR_02390,1995,1,8th,v1247,00320
ICPSR_02390,1995,2,8th,v2242,00320
ICPSR_02390,1995,3,8th,v1247,00320
ICPSR_02390,1995,4,8th,v2242,00320
ICPSR_02390,1995,1,8th,v1251,00380
ICPSR_02390,1995,2,8th,v2246,00380
ICPSR_02390,1995,3,8th,v1251,00380
ICPSR_02390,1995,4,8th,v2246,00380
ICPSR_02390,1995,1,8th,v1271,00630
ICPSR_02390,1995,2,8th,v2266,00630
ICPSR_02390,1995,3,8th,v1271,00630
ICPSR_02390,1995,4,8th,v2266,00630
ICPSR_02390,1995,1,8th,v1108,05920
ICPSR_02390,1995,2,8th,v2108,05920
ICPSR_02390,1995,3,8th,v1108,05920
ICPSR_02390,1995,4,8th,v2108,05920
ICPSR_02390,1995,1,8th,v1140,07930
ICPSR_02390,1995,2,8th,v2138,07930
ICPSR_02390,1995,3,8th,v1140,07930
ICPSR_02390,1995,4,8th,v2138,07930
ICPSR_02390,1995,1,8th,v1141,07950
ICPSR_02390,1995,2,8th,v2139,07950
ICPSR_02390,1995,3,8th,v1141,07950
ICPSR_02390,1995,4,8th,v2139,07950
ICPSR_02390,1995,1,8th,v1101,24770
ICPSR_02390,1995,2,8th,v2101,24770
ICPSR_02390,1995,3,8th,v1101,24770
ICPSR_02390,1995,4,8th,v2101,24770
ICPSR_02390,1995,1,8th,v1277,25860
ICPSR_02390,1995,2,8th,v2272,25860
ICPSR_02390,1995,3,8th,v1277,25860
ICPSR_02390,1995,4,8th,v2272,25860
ICPSR_02350,1996,1,8th,v1235,00030
ICPSR_02350,1996,2,8th,v2233,00030
ICPSR_02350,1996,3,8th,v1235,00030
ICPSR_02350,1996,4,8th,v2233,00030
ICPSR_02350,1996,1,8th,v1239,00090
ICPSR_02350,1996,2,8th,v2237,00090
ICPSR_02350,1996,3,8th,v1239,00090
ICPSR_02350,1996,4,8th,v2237,00090
ICPSR_02350,1996,1,8th,v1248,00310
ICPSR_02350,1996,2,8th,v2246,00310
ICPSR_02350,1996,3,8th,v1248,00310
ICPSR_02350,1996,4,8th,v2246,00310
ICPSR_02350,1996,1,8th,v1249,00320
ICPSR_02350,1996,2,8th,v2247,00320
ICPSR_02350,1996,3,8th,v1249,00320
ICPSR_02350,1996,4,8th,v2247,00320
ICPSR_02350,1996,1,8th,v1253,00380
ICPSR_02350,1996,2,8th,v2251,00380
ICPSR_02350,1996,3,8th,v1253,00380
ICPSR_02350,1996,4,8th,v2251,00380
ICPSR_02350,1996,1,8th,v1273,00630
ICPSR_02350,1996,2,8th,v2271,00630
ICPSR_02350,1996,3,8th,v1273,00630
ICPSR_02350,1996,4,8th,v2271,00630
ICPSR_02350,1996,1,8th,v1108,05920
ICPSR_02350,1996,2,8th,v2108,05920
ICPSR_02350,1996,3,8th,v1108,05920
ICPSR_02350,1996,4,8th,v2108,05920
ICPSR_02350,1996,1,8th,v1140,07930
ICPSR_02350,1996,2,8th,v2138,07930
ICPSR_02350,1996,3,8th,v1140,07930
ICPSR_02350,1996,4,8th,v2138,07930
ICPSR_02350,1996,1,8th,v1141,07950
ICPSR_02350,1996,2,8th,v2139,07950
ICPSR_02350,1996,3,8th,v1141,07950
ICPSR_02350,1996,4,8th,v2139,07950
ICPSR_02350,1996,1,8th,v1101,24770
ICPSR_02350,1996,2,8th,v2101,24770
ICPSR_02350,1996,3,8th,v1101,24770
ICPSR_02350,1996,4,8th,v2101,24770
ICPSR_02350,1996,1,8th,v1279,25860
ICPSR_02350,1996,2,8th,v2277,25860
ICPSR_02350,1996,3,8th,v1279,25860
ICPSR_02350,1996,4,8th,v2277,25860
ICPSR_02476,1997,1,8th,v1235,00030
ICPSR_02476,1997,2,8th,v2233,00030
ICPSR_02476,1997,5,8th,v1235,00030
ICPSR_02476,1997,6,8th,v2233,00030
ICPSR_02476,1997,1,8th,v1239,00090
ICPSR_02476,1997,2,8th,v2237,00090
ICPSR_02476,1997,5,8th,v1239,00090
ICPSR_02476,1997,6,8th,v2237,00090
ICPSR_02476,1997,1,8th,v1248,00310
ICPSR_02476,1997,2,8th,v2246,00310
ICPSR_02476,1997,5,8th,v1248,00310
ICPSR_02476,1997,6,8th,v2246,00310
ICPSR_02476,1997,1,8th,v1249,00320
ICPSR_02476,1997,2,8th,v2247,00320
ICPSR_02476,1997,5,8th,v1249,00320
ICPSR_02476,1997,6,8th,v2247,00320
ICPSR_02476,1997,1,8th,v1253,00380
ICPSR_02476,1997,2,8th,v2251,00380
ICPSR_02476,1997,3,8th,v3253,00380
ICPSR_02476,1997,4,8th,v4253,00380
ICPSR_02476,1997,5,8th,v1253,00380
ICPSR_02476,1997,6,8th,v2251,00380
ICPSR_02476,1997,7,8th,v3253,00380
ICPSR_02476,1997,8,8th,v4253,00380
ICPSR_02476,1997,1,8th,v1273,00630
ICPSR_02476,1997,2,8th,v2271,00630
ICPSR_02476,1997,3,8th,v3273,00630
ICPSR_02476,1997,4,8th,v4273,00630
ICPSR_02476,1997,5,8th,v1273,00630
ICPSR_02476,1997,6,8th,v2271,00630
ICPSR_02476,1997,7,8th,v3273,00630
ICPSR_02476,1997,8,8th,v4273,00630
ICPSR_02476,1997,1,8th,v1108,05920
ICPSR_02476,1997,2,8th,v2108,05920
ICPSR_02476,1997,3,8th,v3108,05920
ICPSR_02476,1997,4,8th,v4108,05920
ICPSR_02476,1997,5,8th,v1108,05920
ICPSR_02476,1997,6,8th,v2108,05920
ICPSR_02476,1997,7,8th,v3108,05920
ICPSR_02476,1997,8,8th,v4108,05920
ICPSR_02476,1997,1,8th,v1140,07930
ICPSR_02476,1997,2,8th,v2138,07930
ICPSR_02476,1997,5,8th,v1140,07930
ICPSR_02476,1997,6,8th,v2138,07930
ICPSR_02476,1997,1,8th,v1141,07950
ICPSR_02476,1997,2,8th,v2139,07950
ICPSR_02476,1997,5,8th,v1141,07950
ICPSR_02476,1997,6,8th,v2139,07950
ICPSR_02476,1997,1,8th,v1101,24770
ICPSR_02476,1997,2,8th,v2101,24770
ICPSR_02476,1997,5,8th,v1101,24770
ICPSR_02476,1997,6,8th,v2101,24770
ICPSR_02476,1997,1,8th,v1279,25860
ICPSR_02476,1997,2,8th,v2277,25860
ICPSR_02476,1997,3,8th,v3279,25860
ICPSR_02476,1997,4,8th,v4279,25860
ICPSR_02476,1997,5,8th,v1279,25860
ICPSR_02476,1997,6,8th,v2277,25860
ICPSR_02476,1997,7,8th,v3279,25860
ICPSR_02476,1997,8,8th,v4279,25860
ICPSR_02752,1998,1,8th,v1233,00030
ICPSR_02752,1998,2,8th,v2233,00030
ICPSR_02752,1998,5,8th,v1233,00030
ICPSR_02752,1998,6,8th,v2233,00030
ICPSR_02752,1998,1,8th,v1237,00090
ICPSR_02752,1998,2,8th,v2237,00090
ICPSR_02752,1998,5,8th,v1237,00090
ICPSR_02752,1998,6,8th,v2237,00090
ICPSR_02752,1998,1,8th,v1246,00310
ICPSR_02752,1998,2,8th,v2246,00310
ICPSR_02752,1998,5,8th,v1246,00310
ICPSR_02752,1998,6,8th,v2246,00310
ICPSR_02752,1998,1,8th,v1247,00320
ICPSR_02752,1998,2,8th,v2247,00320
ICPSR_02752,1998,5,8th,v1247,00320
ICPSR_02752,1998,6,8th,v2247,00320
ICPSR_02752,1998,1,8th,v1251,00380
ICPSR_02752,1998,2,8th,v2251,00380
ICPSR_02752,1998,3,8th,v3253,00380
ICPSR_02752,1998,4,8th,v4253,00380
ICPSR_02752,1998,5,8th,v1251,00380
ICPSR_02752,1998,6,8th,v2251,00380
ICPSR_02752,1998,7,8th,v3253,00380
ICPSR_02752,1998,8,8th,v4253,00380
ICPSR_02752,1998,1,8th,v1271,00630
ICPSR_02752,1998,2,8th,v2271,00630
ICPSR_02752,1998,3,8th,v3273,00630
ICPSR_02752,1998,4,8th,v4273,00630
ICPSR_02752,1998,5,8th,v1271,00630
ICPSR_02752,1998,6,8th,v2271,00630
ICPSR_02752,1998,7,8th,v3273,00630
ICPSR_02752,1998,8,8th,v4273,00630
ICPSR_02752,1998,1,8th,v1108,05920
ICPSR_02752,1998,2,8th,v2108,05920
ICPSR_02752,1998,3,8th,v3108,05920
ICPSR_02752,1998,4,8th,v4108,05920
ICPSR_02752,1998,5,8th,v1108,05920
ICPSR_02752,1998,6,8th,v2108,05920
ICPSR_02752,1998,7,8th,v3108,05920
ICPSR_02752,1998,8,8th,v4108,05920
ICPSR_02752,1998,1,8th,v1140,07930
ICPSR_02752,1998,2,8th,v2138,07930
ICPSR_02752,1998,5,8th,v1140,07930
ICPSR_02752,1998,6,8th,v2138,07930
ICPSR_02752,1998,1,8th,v1141,07950
ICPSR_02752,1998,2,8th,v2139,07950
ICPSR_02752,1998,5,8th,v1141,07950
ICPSR_02752,1998,6,8th,v2139,07950
ICPSR_02752,1998,1,8th,v1101,24770
ICPSR_02752,1998,2,8th,v2101,24770
ICPSR_02752,1998,5,8th,v1101,24770
ICPSR_02752,1998,6,8th,v2101,24770
ICPSR_02752,1998,1,8th,v1277,25860
ICPSR_02752,1998,2,8th,v2277,25860
ICPSR_02752,1998,3,8th,v3279,25860
ICPSR_02752,1998,4,8th,v4279,25860
ICPSR_02752,1998,5,8th,v1277,25860
ICPSR_02752,1998,6,8th,v2277,25860
ICPSR_02752,1998,7,8th,v3279,25860
ICPSR_02752,1998,8,8th,v4279,25860
ICPSR_02940,1999,1,8th,v1233,00030
ICPSR_02940,1999,2,8th,v2233,00030
ICPSR_02940,1999,5,8th,v1233,00030
ICPSR_02940,1999,6,8th,v2233,00030
ICPSR_02940,1999,1,8th,v1237,00090
ICPSR_02940,1999,2,8th,v2237,00090
ICPSR_02940,1999,5,8th,v1237,00090
ICPSR_02940,1999,6,8th,v2237,00090
ICPSR_02940,1999,1,8th,v1246,00310
ICPSR_02940,1999,2,8th,v2246,00310
ICPSR_02940,1999,5,8th,v1246,00310
ICPSR_02940,1999,6,8th,v2246,00310
ICPSR_02940,1999,1,8th,v1247,00320
ICPSR_02940,1999,2,8th,v2247,00320
ICPSR_02940,1999,5,8th,v1247,00320
ICPSR_02940,1999,6,8th,v2247,00320
ICPSR_02940,1999,1,8th,v1251,00380
ICPSR_02940,1999,2,8th,v2251,00380
ICPSR_02940,1999,3,8th,v3255,00380
ICPSR_02940,1999,4,8th,v4255,00380
ICPSR_02940,1999,5,8th,v1251,00380
ICPSR_02940,1999,6,8th,v2251,00380
ICPSR_02940,1999,7,8th,v3255,00380
ICPSR_02940,1999,8,8th,v4255,00380
ICPSR_02940,1999,1,8th,v1271,00630
ICPSR_02940,1999,2,8th,v2271,00630
ICPSR_02940,1999,3,8th,v3275,00630
ICPSR_02940,1999,4,8th,v4275,00630
ICPSR_02940,1999,5,8th,v1271,00630
ICPSR_02940,1999,6,8th,v2271,00630
ICPSR_02940,1999,7,8th,v3275,00630
ICPSR_02940,1999,8,8th,v4275,00630
ICPSR_02940,1999,1,8th,v1108,05920
ICPSR_02940,1999,2,8th,v2108,05920
ICPSR_02940,1999,3,8th,v3108,05920
ICPSR_02940,1999,4,8th,v4108,05920
ICPSR_02940,1999,5,8th,v1108,05920
ICPSR_02940,1999,6,8th,v2108,05920
ICPSR_02940,1999,7,8th,v3108,05920
ICPSR_02940,1999,8,8th,v4108,05920
ICPSR_02940,1999,1,8th,v1140,07930
ICPSR_02940,1999,2,8th,v2138,07930
ICPSR_02940,1999,5,8th,v1140,07930
ICPSR_02940,1999,6,8th,v2138,07930
ICPSR_02940,1999,1,8th,v1141,07950
ICPSR_02940,1999,2,8th,v2139,07950
ICPSR_02940,1999,5,8th,v1141,07950
ICPSR_02940,1999,6,8th,v2139,07950
ICPSR_02940,1999,1,8th,v1101,24770
ICPSR_02940,1999,2,8th,v2101,24770
ICPSR_02940,1999,5,8th,v1101,24770
ICPSR_02940,1999,6,8th,v2101,24770
ICPSR_02940,1999,1,8th,v1277,25860
ICPSR_02940,1999,2,8th,v2277,25860
ICPSR_02940,1999,3,8th,v3280,25860
ICPSR_02940,1999,4,8th,v4280,25860
ICPSR_02940,1999,5,8th,v1277,25860
ICPSR_02940,1999,6,8th,v2277,25860
ICPSR_02940,1999,7,8th,v3280,25860
ICPSR_02940,1999,8,8th,v4280,25860
ICPSR_03183,2000,1,8th,v1233,00030
ICPSR_03183,2000,2,8th,v2233,00030
ICPSR_03183,2000,5,8th,v1233,00030
ICPSR_03183,2000,6,8th,v2233,00030
ICPSR_03183,2000,1,8th,v1237,00090
ICPSR_03183,2000,2,8th,v2237,00090
ICPSR_03183,2000,5,8th,v1237,00090
ICPSR_03183,2000,6,8th,v2237,00090
ICPSR_03183,2000,1,8th,v1246,00310
ICPSR_03183,2000,2,8th,v2246,00310
ICPSR_03183,2000,5,8th,v1246,00310
ICPSR_03183,2000,6,8th,v2246,00310
ICPSR_03183,2000,1,8th,v1247,00320
ICPSR_03183,2000,2,8th,v2247,00320
ICPSR_03183,2000,5,8th,v1247,00320
ICPSR_03183,2000,6,8th,v2247,00320
ICPSR_03183,2000,1,8th,v1251,00380
ICPSR_03183,2000,2,8th,v2251,00380
ICPSR_03183,2000,3,8th,v3255,00380
ICPSR_03183,2000,4,8th,v4255,00380
ICPSR_03183,2000,5,8th,v1251,00380
ICPSR_03183,2000,6,8th,v2251,00380
ICPSR_03183,2000,7,8th,v3255,00380
ICPSR_03183,2000,8,8th,v4255,00380
ICPSR_03183,2000,1,8th,v1271,00630
ICPSR_03183,2000,2,8th,v2271,00630
ICPSR_03183,2000,3,8th,v3275,00630
ICPSR_03183,2000,4,8th,v4275,00630
ICPSR_03183,2000,5,8th,v1271,00630
ICPSR_03183,2000,6,8th,v2271,00630
ICPSR_03183,2000,7,8th,v3275,00630
ICPSR_03183,2000,8,8th,v4275,00630
ICPSR_03183,2000,1,8th,v1108,05920
ICPSR_03183,2000,2,8th,v2108,05920
ICPSR_03183,2000,3,8th,v3108,05920
ICPSR_03183,2000,4,8th,v4108,05920
ICPSR_03183,2000,5,8th,v1108,05920
ICPSR_03183,2000,6,8th,v2108,05920
ICPSR_03183,2000,7,8th,v3108,05920
ICPSR_03183,2000,8,8th,v4108,05920
ICPSR_03183,2000,1,8th,v1140,07930
ICPSR_03183,2000,2,8th,v2138,07930
ICPSR_03183,2000,5,8th,v1140,07930
ICPSR_03183,2000,6,8th,v2138,07930
ICPSR_03183,2000,1,8th,v1141,07950
ICPSR_03183,2000,2,8th,v2139,07950
ICPSR_03183,2000,5,8th,v1141,07950
ICPSR_03183,2000,6,8th,v2139,07950
ICPSR_03183,2000,1,8th,v1101,24770
ICPSR_03183,2000,2,8th,v2101,24770
ICPSR_03183,2000,5,8th,v1101,24770
ICPSR_03183,2000,6,8th,v2101,24770
ICPSR_03183,2000,1,8th,v1277,25860
ICPSR_03183,2000,2,8th,v2277,25860
ICPSR_03183,2000,3,8th,v3280,25860
ICPSR_03183,2000,4,8th,v4280,25860
ICPSR_03183,2000,5,8th,v1277,25860
ICPSR_03183,2000,6,8th,v2277,25860
ICPSR_03183,2000,7,8th,v3280,25860
ICPSR_03183,2000,8,8th,v4280,25860
ICPSR_03426,2001,1,8th,v1232,00030
ICPSR_03426,2001,2,8th,v2236,00030
ICPSR_03426,2001,5,8th,v1232,00030
ICPSR_03426,2001,6,8th,v2236,00030
ICPSR_03426,2001,1,8th,v1236,00090
ICPSR_03426,2001,2,8th,v2240,00090
ICPSR_03426,2001,5,8th,v1236,00090
ICPSR_03426,2001,6,8th,v2240,00090
ICPSR_03426,2001,1,8th,v1245,00310
ICPSR_03426,2001,2,8th,v2249,00310
ICPSR_03426,2001,5,8th,v1245,00310
ICPSR_03426,2001,6,8th,v2249,00310
ICPSR_03426,2001,1,8th,v1246,00320
ICPSR_03426,2001,2,8th,v2250,00320
ICPSR_03426,2001,5,8th,v1246,00320
ICPSR_03426,2001,6,8th,v2250,00320
ICPSR_03426,2001,1,8th,v1250,00380
ICPSR_03426,2001,2,8th,v2254,00380
ICPSR_03426,2001,3,8th,v3257,00380
ICPSR_03426,2001,4,8th,v4257,00380
ICPSR_03426,2001,5,8th,v1250,00380
ICPSR_03426,2001,6,8th,v2254,00380
ICPSR_03426,2001,7,8th,v3257,00380
ICPSR_03426,2001,8,8th,v4257,00380
ICPSR_03426,2001,1,8th,v1270,00630
ICPSR_03426,2001,2,8th,v2274,00630
ICPSR_03426,2001,3,8th,v3275,00630
ICPSR_03426,2001,4,8th,v4275,00630
ICPSR_03426,2001,5,8th,v1270,00630
ICPSR_03426,2001,6,8th,v2274,00630
ICPSR_03426,2001,7,8th,v3275,00630
ICPSR_03426,2001,8,8th,v4275,00630
ICPSR_03426,2001,1,8th,v1108,05920
ICPSR_03426,2001,2,8th,v2108,05920
ICPSR_03426,2001,3,8th,v3108,05920
ICPSR_03426,2001,4,8th,v4108,05920
ICPSR_03426,2001,5,8th,v1108,05920
ICPSR_03426,2001,6,8th,v2108,05920
ICPSR_03426,2001,7,8th,v3108,05920
ICPSR_03426,2001,8,8th,v4108,05920
ICPSR_03426,2001,1,8th,v1140,07930
ICPSR_03426,2001,2,8th,v2138,07930
ICPSR_03426,2001,5,8th,v1140,07930
ICPSR_03426,2001,6,8th,v2138,07930
ICPSR_03426,2001,1,8th,v1141,07950
ICPSR_03426,2001,2,8th,v2139,07950
ICPSR_03426,2001,5,8th,v1141,07950
ICPSR_03426,2001,6,8th,v2139,07950
ICPSR_03426,2001,1,8th,v1101,24770
ICPSR_03426,2001,2,8th,v2101,24770
ICPSR_03426,2001,5,8th,v1101,24770
ICPSR_03426,2001,6,8th,v2101,24770
ICPSR_03426,2001,1,8th,v1276,25860
ICPSR_03426,2001,2,8th,v2280,25860
ICPSR_03426,2001,3,8th,v3280,25860
ICPSR_03426,2001,4,8th,v4280,25860
ICPSR_03426,2001,5,8th,v1276,25860
ICPSR_03426,2001,6,8th,v2280,25860
ICPSR_03426,2001,7,8th,v3280,25860
ICPSR_03426,2001,8,8th,v4280,25860
ICPSR_03752,2002,1,8th,v1232,00030
ICPSR_03752,2002,2,8th,v2236,00030
ICPSR_03752,2002,3,8th,v3239,00030
ICPSR_03752,2002,4,8th,v4239,00030
ICPSR_03752,2002,5,8th,v1232,00030
ICPSR_03752,2002,6,8th,v2236,00030
ICPSR_03752,2002,7,8th,v3239,00030
ICPSR_03752,2002,8,8th,v4239,00030
ICPSR_03752,2002,1,8th,v1236,00090
ICPSR_03752,2002,2,8th,v2240,00090
ICPSR_03752,2002,3,8th,v3243,00090
ICPSR_03752,2002,4,8th,v4243,00090
ICPSR_03752,2002,5,8th,v1236,00090
ICPSR_03752,2002,6,8th,v2240,00090
ICPSR_03752,2002,7,8th,v3243,00090
ICPSR_03752,2002,8,8th,v4243,00090
ICPSR_03752,2002,1,8th,v1245,00310
ICPSR_03752,2002,2,8th,v2249,00310
ICPSR_03752,2002,3,8th,v3252,00310
ICPSR_03752,2002,4,8th,v4252,00310
ICPSR_03752,2002,5,8th,v1245,00310
ICPSR_03752,2002,6,8th,v2249,00310
ICPSR_03752,2002,7,8th,v3252,00310
ICPSR_03752,2002,8,8th,v4252,00310
ICPSR_03752,2002,1,8th,v1246,00320
ICPSR_03752,2002,2,8th,v2250,00320
ICPSR_03752,2002,3,8th,v3253,00320
ICPSR_03752,2002,4,8th,v4253,00320
ICPSR_03752,2002,5,8th,v1246,00320
ICPSR_03752,2002,6,8th,v2250,00320
ICPSR_03752,2002,7,8th,v3253,00320
ICPSR_03752,2002,8,8th,v4253,00320
ICPSR_03752,2002,1,8th,v1250,00380
ICPSR_03752,2002,2,8th,v2254,00380
ICPSR_03752,2002,3,8th,v3257,00380
ICPSR_03752,2002,4,8th,v4257,00380
ICPSR_03752,2002,5,8th,v1250,00380
ICPSR_03752,2002,6,8th,v2254,00380
ICPSR_03752,2002,7,8th,v3257,00380
ICPSR_03752,2002,8,8th,v4257,00380
ICPSR_03752,2002,1,8th,v1270,00630
ICPSR_03752,2002,2,8th,v2274,00630
ICPSR_03752,2002,3,8th,v3277,00630
ICPSR_03752,2002,4,8th,v4277,00630
ICPSR_03752,2002,5,8th,v1270,00630
ICPSR_03752,2002,6,8th,v2274,00630
ICPSR_03752,2002,7,8th,v3277,00630
ICPSR_03752,2002,8,8th,v4277,00630
ICPSR_03752,2002,1,8th,v1108,05920
ICPSR_03752,2002,2,8th,v2108,05920
ICPSR_03752,2002,3,8th,v3108,05920
ICPSR_03752,2002,4,8th,v4108,05920
ICPSR_03752,2002,5,8th,v1108,05920
ICPSR_03752,2002,6,8th,v2108,05920
ICPSR_03752,2002,7,8th,v3108,05920
ICPSR_03752,2002,8,8th,v4108,05920
ICPSR_03752,2002,1,8th,v1140,07930
ICPSR_03752,2002,2,8th,v2138,07930
ICPSR_03752,2002,5,8th,v1140,07930
ICPSR_03752,2002,6,8th,v2138,07930
ICPSR_03752,2002,1,8th,v1141,07950
ICPSR_03752,2002,2,8th,v2139,07950
ICPSR_03752,2002,5,8th,v1141,07950
ICPSR_03752,2002,6,8th,v2139,07950
ICPSR_03752,2002,1,8th,v1101,24770
ICPSR_03752,2002,2,8th,v2101,24770
ICPSR_03752,2002,3,8th,v3101,24770
ICPSR_03752,2002,4,8th,v4101,24770
ICPSR_03752,2002,5,8th,v1101,24770
ICPSR_03752,2002,6,8th,v2101,24770
ICPSR_03752,2002,7,8th,v3101,24770
ICPSR_03752,2002,8,8th,v4101,24770
ICPSR_03752,2002,1,8th,v1276,25860
ICPSR_03752,2002,2,8th,v2280,25860
ICPSR_03752,2002,3,8th,v3282,25860
ICPSR_03752,2002,4,8th,v4282,25860
ICPSR_03752,2002,5,8th,v1276,25860
ICPSR_03752,2002,6,8th,v2280,25860
ICPSR_03752,2002,7,8th,v3282,25860
ICPSR_03752,2002,8,8th,v4282,25860
ICPSR_04018,2003,1,8th,v1232,00030
ICPSR_04018,2003,2,8th,v2236,00030
ICPSR_04018,2003,3,8th,v3239,00030
ICPSR_04018,2003,4,8th,v4239,00030
ICPSR_04018,2003,5,8th,v1232,00030
ICPSR_04018,2003,6,8th,v2236,00030
ICPSR_04018,2003,7,8th,v3239,00030
ICPSR_04018,2003,8,8th,v4239,00030
ICPSR_04018,2003,1,8th,v1236,00090
ICPSR_04018,2003,2,8th,v2240,00090
ICPSR_04018,2003,3,8th,v3243,00090
ICPSR_04018,2003,4,8th,v4243,00090
ICPSR_04018,2003,5,8th,v1236,00090
ICPSR_04018,2003,6,8th,v2240,00090
ICPSR_04018,2003,7,8th,v3243,00090
ICPSR_04018,2003,8,8th,v4243,00090
ICPSR_04018,2003,1,8th,v1245,00310
ICPSR_04018,2003,2,8th,v2249,00310
ICPSR_04018,2003,3,8th,v3252,00310
ICPSR_04018,2003,4,8th,v4252,00310
ICPSR_04018,2003,5,8th,v1245,00310
ICPSR_04018,2003,6,8th,v2249,00310
ICPSR_04018,2003,7,8th,v3252,00310
ICPSR_04018,2003,8,8th,v4252,00310
ICPSR_04018,2003,1,8th,v1246,00320
ICPSR_04018,2003,2,8th,v2250,00320
ICPSR_04018,2003,3,8th,v3253,00320
ICPSR_04018,2003,4,8th,v4253,00320
ICPSR_04018,2003,5,8th,v1246,00320
ICPSR_04018,2003,6,8th,v2250,00320
ICPSR_04018,2003,7,8th,v3253,00320
ICPSR_04018,2003,8,8th,v4253,00320
ICPSR_04018,2003,1,8th,v1250,00380
ICPSR_04018,2003,2,8th,v2254,00380
ICPSR_04018,2003,3,8th,v3257,00380
ICPSR_04018,2003,4,8th,v4257,00380
ICPSR_04018,2003,5,8th,v1250,00380
ICPSR_04018,2003,6,8th,v2254,00380
ICPSR_04018,2003,7,8th,v3257,00380
ICPSR_04018,2003,8,8th,v4257,00380
ICPSR_04018,2003,1,8th,v1270,00630
ICPSR_04018,2003,2,8th,v2274,00630
ICPSR_04018,2003,3,8th,v3277,00630
ICPSR_04018,2003,4,8th,v4277,00630
ICPSR_04018,2003,5,8th,v1270,00630
ICPSR_04018,2003,6,8th,v2274,00630
ICPSR_04018,2003,7,8th,v3277,00630
ICPSR_04018,2003,8,8th,v4277,00630
ICPSR_04018,2003,1,8th,v1108,05920
ICPSR_04018,2003,2,8th,v2108,05920
ICPSR_04018,2003,3,8th,v3108,05920
ICPSR_04018,2003,4,8th,v4108,05920
ICPSR_04018,2003,5,8th,v1108,05920
ICPSR_04018,2003,6,8th,v2108,05920
ICPSR_04018,2003,7,8th,v3108,05920
ICPSR_04018,2003,8,8th,v4108,05920
ICPSR_04018,2003,1,8th,v1140,07930
ICPSR_04018,2003,2,8th,v2138,07930
ICPSR_04018,2003,5,8th,v1140,07930
ICPSR_04018,2003,6,8th,v2138,07930
ICPSR_04018,2003,1,8th,v1141,07950
ICPSR_04018,2003,2,8th,v2139,07950
ICPSR_04018,2003,5,8th,v1141,07950
ICPSR_04018,2003,6,8th,v2139,07950
ICPSR_04018,2003,1,8th,v1101,24770
ICPSR_04018,2003,2,8th,v2101,24770
ICPSR_04018,2003,3,8th,v3101,24770
ICPSR_04018,2003,4,8th,v4101,24770
ICPSR_04018,2003,5,8th,v1101,24770
ICPSR_04018,2003,6,8th,v2101,24770
ICPSR_04018,2003,7,8th,v3101,24770
ICPSR_04018,2003,8,8th,v4101,24770
ICPSR_04018,2003,1,8th,v1276,25860
ICPSR_04018,2003,2,8th,v2280,25860
ICPSR_04018,2003,3,8th,v3282,25860
ICPSR_04018,2003,4,8th,v4282,25860
ICPSR_04018,2003,5,8th,v1276,25860
ICPSR_04018,2003,6,8th,v2280,25860
ICPSR_04018,2003,7,8th,v3282,25860
ICPSR_04018,2003,8,8th,v4282,25860
ICPSR_04263,2004,1,8th,v1233,00030
ICPSR_04263,2004,2,8th,v2237,00030
ICPSR_04263,2004,3,8th,v3240,00030
ICPSR_04263,2004,4,8th,v4240,00030
ICPSR_04263,2004,5,8th,v1233,00030
ICPSR_04263,2004,6,8th,v2237,00030
ICPSR_04263,2004,7,8th,v3240,00030
ICPSR_04263,2004,8,8th,v4240,00030
ICPSR_04263,2004,1,8th,v1237,00090
ICPSR_04263,2004,2,8th,v2241,00090
ICPSR_04263,2004,3,8th,v3244,00090
ICPSR_04263,2004,4,8th,v4244,00090
ICPSR_04263,2004,5,8th,v1237,00090
ICPSR_04263,2004,6,8th,v2241,00090
ICPSR_04263,2004,7,8th,v3244,00090
ICPSR_04263,2004,8,8th,v4244,00090
ICPSR_04263,2004,1,8th,v1246,00310
ICPSR_04263,2004,2,8th,v2250,00310
ICPSR_04263,2004,3,8th,v3253,00310
ICPSR_04263,2004,4,8th,v4253,00310
ICPSR_04263,2004,5,8th,v1246,00310
ICPSR_04263,2004,6,8th,v2250,00310
ICPSR_04263,2004,7,8th,v3253,00310
ICPSR_04263,2004,8,8th,v4253,00310
ICPSR_04263,2004,1,8th,v1247,00320
ICPSR_04263,2004,2,8th,v2251,00320
ICPSR_04263,2004,3,8th,v3254,00320
ICPSR_04263,2004,4,8th,v4254,00320
ICPSR_04263,2004,5,8th,v1247,00320
ICPSR_04263,2004,6,8th,v2251,00320
ICPSR_04263,2004,7,8th,v3254,00320
ICPSR_04263,2004,8,8th,v4254,00320
ICPSR_04263,2004,1,8th,v1251,00380
ICPSR_04263,2004,2,8th,v2255,00380
ICPSR_04263,2004,3,8th,v3258,00380
ICPSR_04263,2004,4,8th,v4258,00380
ICPSR_04263,2004,5,8th,v1251,00380
ICPSR_04263,2004,6,8th,v2255,00380
ICPSR_04263,2004,7,8th,v3258,00380
ICPSR_04263,2004,8,8th,v4258,00380
ICPSR_04263,2004,1,8th,v1271,00630
ICPSR_04263,2004,2,8th,v2275,00630
ICPSR_04263,2004,3,8th,v3278,00630
ICPSR_04263,2004,4,8th,v4278,00630
ICPSR_04263,2004,5,8th,v1271,00630
ICPSR_04263,2004,6,8th,v2275,00630
ICPSR_04263,2004,7,8th,v3278,00630
ICPSR_04263,2004,8,8th,v4278,00630
ICPSR_04263,2004,1,8th,v1108,05920
ICPSR_04263,2004,2,8th,v2108,05920
ICPSR_04263,2004,3,8th,v3108,05920
ICPSR_04263,2004,4,8th,v4108,05920
ICPSR_04263,2004,5,8th,v1108,05920
ICPSR_04263,2004,6,8th,v2108,05920
ICPSR_04263,2004,7,8th,v3108,05920
ICPSR_04263,2004,8,8th,v4108,05920
ICPSR_04263,2004,1,8th,v1141,07930
ICPSR_04263,2004,2,8th,v2139,07930
ICPSR_04263,2004,5,8th,v1141,07930
ICPSR_04263,2004,6,8th,v2139,07930
ICPSR_04263,2004,1,8th,v1142,07950
ICPSR_04263,2004,2,8th,v2140,07950
ICPSR_04263,2004,5,8th,v1142,07950
ICPSR_04263,2004,6,8th,v2140,07950
ICPSR_04263,2004,1,8th,v1101,24770
ICPSR_04263,2004,2,8th,v2101,24770
ICPSR_04263,2004,3,8th,v3101,24770
ICPSR_04263,2004,4,8th,v4101,24770
ICPSR_04263,2004,5,8th,v1101,24770
ICPSR_04263,2004,6,8th,v2101,24770
ICPSR_04263,2004,7,8th,v3101,24770
ICPSR_04263,2004,8,8th,v4101,24770
ICPSR_04263,2004,1,8th,v1277,25860
ICPSR_04263,2004,2,8th,v2281,25860
ICPSR_04263,2004,3,8th,v3283,25860
ICPSR_04263,2004,4,8th,v4283,25860
ICPSR_04263,2004,5,8th,v1277,25860
ICPSR_04263,2004,6,8th,v2281,25860
ICPSR_04263,2004,7,8th,v3283,25860
ICPSR_04263,2004,8,8th,v4283,25860
ICPSR_04537,2005,1,8th,v1233,00030
ICPSR_04537,2005,2,8th,v2237,00030
ICPSR_04537,2005,3,8th,v3240,00030
ICPSR_04537,2005,4,8th,v4240,00030
ICPSR_04537,2005,5,8th,v1233,00030
ICPSR_04537,2005,6,8th,v2237,00030
ICPSR_04537,2005,7,8th,v3240,00030
ICPSR_04537,2005,8,8th,v4240,00030
ICPSR_04537,2005,1,8th,v1237,00090
ICPSR_04537,2005,2,8th,v2241,00090
ICPSR_04537,2005,3,8th,v3244,00090
ICPSR_04537,2005,4,8th,v4244,00090
ICPSR_04537,2005,5,8th,v1237,00090
ICPSR_04537,2005,6,8th,v2241,00090
ICPSR_04537,2005,7,8th,v3244,00090
ICPSR_04537,2005,8,8th,v4244,00090
ICPSR_04537,2005,1,8th,v1246,00310
ICPSR_04537,2005,2,8th,v2250,00310
ICPSR_04537,2005,3,8th,v3253,00310
ICPSR_04537,2005,4,8th,v4253,00310
ICPSR_04537,2005,5,8th,v1246,00310
ICPSR_04537,2005,6,8th,v2250,00310
ICPSR_04537,2005,7,8th,v3253,00310
ICPSR_04537,2005,8,8th,v4253,00310
ICPSR_04537,2005,1,8th,v1247,00320
ICPSR_04537,2005,2,8th,v2251,00320
ICPSR_04537,2005,3,8th,v3254,00320
ICPSR_04537,2005,4,8th,v4254,00320
ICPSR_04537,2005,5,8th,v1247,00320
ICPSR_04537,2005,6,8th,v2251,00320
ICPSR_04537,2005,7,8th,v3254,00320
ICPSR_04537,2005,8,8th,v4254,00320
ICPSR_04537,2005,1,8th,v1251,00380
ICPSR_04537,2005,2,8th,v2255,00380
ICPSR_04537,2005,3,8th,v3258,00380
ICPSR_04537,2005,4,8th,v4258,00380
ICPSR_04537,2005,5,8th,v1251,00380
ICPSR_04537,2005,6,8th,v2255,00380
ICPSR_04537,2005,7,8th,v3258,00380
ICPSR_04537,2005,8,8th,v4258,00380
ICPSR_04537,2005,1,8th,v1271,00630
ICPSR_04537,2005,2,8th,v2275,00630
ICPSR_04537,2005,3,8th,v3278,00630
ICPSR_04537,2005,4,8th,v4278,00630
ICPSR_04537,2005,5,8th,v1271,00630
ICPSR_04537,2005,6,8th,v2275,00630
ICPSR_04537,2005,7,8th,v3278,00630
ICPSR_04537,2005,8,8th,v4278,00630
ICPSR_04537,2005,1,8th,v1108,05920
ICPSR_04537,2005,2,8th,v2108,05920
ICPSR_04537,2005,3,8th,v3108,05920
ICPSR_04537,2005,4,8th,v4108,05920
ICPSR_04537,2005,5,8th,v1108,05920
ICPSR_04537,2005,6,8th,v2108,05920
ICPSR_04537,2005,7,8th,v3108,05920
ICPSR_04537,2005,8,8th,v4108,05920
ICPSR_04537,2005,1,8th,v1141,07930
ICPSR_04537,2005,2,8th,v2139,07930
ICPSR_04537,2005,5,8th,v1141,07930
ICPSR_04537,2005,6,8th,v2139,07930
ICPSR_04537,2005,1,8th,v1142,07950
ICPSR_04537,2005,2,8th,v2140,07950
ICPSR_04537,2005,5,8th,v1142,07950
ICPSR_04537,2005,6,8th,v2140,07950
ICPSR_04537,2005,1,8th,v1101,24770
ICPSR_04537,2005,2,8th,v2101,24770
ICPSR_04537,2005,3,8th,v3101,24770
ICPSR_04537,2005,4,8th,v4101,24770
ICPSR_04537,2005,5,8th,v1101,24770
ICPSR_04537,2005,6,8th,v2101,24770
ICPSR_04537,2005,7,8th,v3101,24770
ICPSR_04537,2005,8,8th,v4101,24770
ICPSR_04537,2005,1,8th,v1277,25860
ICPSR_04537,2005,2,8th,v2281,25860
ICPSR_04537,2005,3,8th,v3283,25860
ICPSR_04537,2005,4,8th,v4283,25860
ICPSR_04537,2005,5,8th,v1277,25860
ICPSR_04537,2005,6,8th,v2281,25860
ICPSR_04537,2005,7,8th,v3283,25860
ICPSR_04537,2005,8,8th,v4283,25860
ICPSR_20180,2006,1,8th,v1246,00030
ICPSR_20180,2006,2,8th,v2237,00030
ICPSR_20180,2006,3,8th,v3240,00030
ICPSR_20180,2006,4,8th,v4240,00030
ICPSR_20180,2006,5,8th,v1246,00030
ICPSR_20180,2006,6,8th,v2237,00030
ICPSR_20180,2006,7,8th,v3240,00030
ICPSR_20180,2006,8,8th,v4240,00030
ICPSR_20180,2006,1,8th,v1250,00090
ICPSR_20180,2006,2,8th,v2241,00090
ICPSR_20180,2006,3,8th,v3244,00090
ICPSR_20180,2006,4,8th,v4244,00090
ICPSR_20180,2006,5,8th,v1250,00090
ICPSR_20180,2006,6,8th,v2241,00090
ICPSR_20180,2006,7,8th,v3244,00090
ICPSR_20180,2006,8,8th,v4244,00090
ICPSR_20180,2006,1,8th,v1259,00310
ICPSR_20180,2006,2,8th,v2250,00310
ICPSR_20180,2006,3,8th,v3253,00310
ICPSR_20180,2006,4,8th,v4253,00310
ICPSR_20180,2006,5,8th,v1259,00310
ICPSR_20180,2006,6,8th,v2250,00310
ICPSR_20180,2006,7,8th,v3253,00310
ICPSR_20180,2006,8,8th,v4253,00310
ICPSR_20180,2006,1,8th,v1260,00320
ICPSR_20180,2006,2,8th,v2251,00320
ICPSR_20180,2006,3,8th,v3254,00320
ICPSR_20180,2006,4,8th,v4254,00320
ICPSR_20180,2006,5,8th,v1260,00320
ICPSR_20180,2006,6,8th,v2251,00320
ICPSR_20180,2006,7,8th,v3254,00320
ICPSR_20180,2006,8,8th,v4254,00320
ICPSR_20180,2006,1,8th,v1264,00380
ICPSR_20180,2006,2,8th,v2255,00380
ICPSR_20180,2006,3,8th,v3258,00380
ICPSR_20180,2006,4,8th,v4258,00380
ICPSR_20180,2006,5,8th,v1264,00380
ICPSR_20180,2006,6,8th,v2255,00380
ICPSR_20180,2006,7,8th,v3258,00380
ICPSR_20180,2006,8,8th,v4258,00380
ICPSR_20180,2006,1,8th,v1284,00630
ICPSR_20180,2006,2,8th,v2275,00630
ICPSR_20180,2006,3,8th,v3278,00630
ICPSR_20180,2006,4,8th,v4278,00630
ICPSR_20180,2006,5,8th,v1284,00630
ICPSR_20180,2006,6,8th,v2275,00630
ICPSR_20180,2006,7,8th,v3278,00630
ICPSR_20180,2006,8,8th,v4278,00630
ICPSR_20180,2006,1,8th,v1108,05920
ICPSR_20180,2006,2,8th,v2108,05920
ICPSR_20180,2006,3,8th,v3108,05920
ICPSR_20180,2006,4,8th,v4108,05920
ICPSR_20180,2006,5,8th,v1108,05920
ICPSR_20180,2006,6,8th,v2108,05920
ICPSR_20180,2006,7,8th,v3108,05920
ICPSR_20180,2006,8,8th,v4108,05920
ICPSR_20180,2006,2,8th,v2139,07930
ICPSR_20180,2006,6,8th,v2139,07930
ICPSR_20180,2006,2,8th,v2140,07950
ICPSR_20180,2006,6,8th,v2140,07950
ICPSR_20180,2006,1,8th,v1101,24770
ICPSR_20180,2006,2,8th,v2101,24770
ICPSR_20180,2006,3,8th,v3101,24770
ICPSR_20180,2006,4,8th,v4101,24770
ICPSR_20180,2006,5,8th,v1101,24770
ICPSR_20180,2006,6,8th,v2101,24770
ICPSR_20180,2006,7,8th,v3101,24770
ICPSR_20180,2006,8,8th,v4101,24770
ICPSR_20180,2006,1,8th,v1290,25860
ICPSR_20180,2006,2,8th,v2281,25860
ICPSR_20180,2006,3,8th,v3283,25860
ICPSR_20180,2006,4,8th,v4283,25860
ICPSR_20180,2006,5,8th,v1290,25860
ICPSR_20180,2006,6,8th,v2281,25860
ICPSR_20180,2006,7,8th,v3283,25860
ICPSR_20180,2006,8,8th,v4283,25860
ICPSR_22500,2007,1,8th,v1246,00030
ICPSR_22500,2007,2,8th,v2237,00030
ICPSR_22500,2007,3,8th,v3240,00030
ICPSR_22500,2007,4,8th,v4240,00030
ICPSR_22500,2007,5,8th,v1246,00030
ICPSR_22500,2007,6,8th,v2237,00030
ICPSR_22500,2007,7,8th,v3240,00030
ICPSR_22500,2007,8,8th,v4240,00030
ICPSR_22500,2007,1,8th,v1250,00090
ICPSR_22500,2007,2,8th,v2241,00090
ICPSR_22500,2007,3,8th,v3244,00090
ICPSR_22500,2007,4,8th,v4244,00090
ICPSR_22500,2007,5,8th,v1250,00090
ICPSR_22500,2007,6,8th,v2241,00090
ICPSR_22500,2007,7,8th,v3244,00090
ICPSR_22500,2007,8,8th,v4244,00090
ICPSR_22500,2007,1,8th,v1259,00310
ICPSR_22500,2007,2,8th,v2250,00310
ICPSR_22500,2007,3,8th,v3253,00310
ICPSR_22500,2007,4,8th,v4253,00310
ICPSR_22500,2007,5,8th,v1259,00310
ICPSR_22500,2007,6,8th,v2250,00310
ICPSR_22500,2007,7,8th,v3253,00310
ICPSR_22500,2007,8,8th,v4253,00310
ICPSR_22500,2007,1,8th,v1260,00320
ICPSR_22500,2007,2,8th,v2251,00320
ICPSR_22500,2007,3,8th,v3254,00320
ICPSR_22500,2007,4,8th,v4254,00320
ICPSR_22500,2007,5,8th,v1260,00320
ICPSR_22500,2007,6,8th,v2251,00320
ICPSR_22500,2007,7,8th,v3254,00320
ICPSR_22500,2007,8,8th,v4254,00320
ICPSR_22500,2007,1,8th,v1264,00380
ICPSR_22500,2007,2,8th,v2255,00380
ICPSR_22500,2007,3,8th,v3258,00380
ICPSR_22500,2007,4,8th,v4258,00380
ICPSR_22500,2007,5,8th,v1264,00380
ICPSR_22500,2007,6,8th,v2255,00380
ICPSR_22500,2007,7,8th,v3258,00380
ICPSR_22500,2007,8,8th,v4258,00380
ICPSR_22500,2007,1,8th,v1284,00630
ICPSR_22500,2007,2,8th,v2275,00630
ICPSR_22500,2007,3,8th,v3278,00630
ICPSR_22500,2007,4,8th,v4278,00630
ICPSR_22500,2007,5,8th,v1284,00630
ICPSR_22500,2007,6,8th,v2275,00630
ICPSR_22500,2007,7,8th,v3278,00630
ICPSR_22500,2007,8,8th,v4278,00630
ICPSR_22500,2007,1,8th,v1108,05920
ICPSR_22500,2007,2,8th,v2108,05920
ICPSR_22500,2007,3,8th,v3108,05920
ICPSR_22500,2007,4,8th,v4108,05920
ICPSR_22500,2007,5,8th,v1108,05920
ICPSR_22500,2007,6,8th,v2108,05920
ICPSR_22500,2007,7,8th,v3108,05920
ICPSR_22500,2007,8,8th,v4108,05920
ICPSR_22500,2007,2,8th,v2139,07930
ICPSR_22500,2007,6,8th,v2139,07930
ICPSR_22500,2007,2,8th,v2140,07950
ICPSR_22500,2007,6,8th,v2140,07950
ICPSR_22500,2007,1,8th,v1101,24770
ICPSR_22500,2007,2,8th,v2101,24770
ICPSR_22500,2007,3,8th,v3101,24770
ICPSR_22500,2007,4,8th,v4101,24770
ICPSR_22500,2007,5,8th,v1101,24770
ICPSR_22500,2007,6,8th,v2101,24770
ICPSR_22500,2007,7,8th,v3101,24770
ICPSR_22500,2007,8,8th,v4101,24770
ICPSR_22500,2007,1,8th,v1290,25860
ICPSR_22500,2007,2,8th,v2281,25860
ICPSR_22500,2007,3,8th,v3283,25860
ICPSR_22500,2007,4,8th,v4283,25860
ICPSR_22500,2007,5,8th,v1290,25860
ICPSR_22500,2007,6,8th,v2281,25860
ICPSR_22500,2007,7,8th,v3283,25860
ICPSR_22500,2007,8,8th,v4283,25860
ICPSR_25422,2008,1,8th,v1246,00030
ICPSR_25422,2008,2,8th,v2237,00030
ICPSR_25422,2008,3,8th,v3240,00030
ICPSR_25422,2008,4,8th,v4240,00030
ICPSR_25422,2008,5,8th,v1246,00030
ICPSR_25422,2008,6,8th,v2237,00030
ICPSR_25422,2008,7,8th,v3240,00030
ICPSR_25422,2008,8,8th,v4240,00030
ICPSR_25422,2008,1,8th,v1250,00090
ICPSR_25422,2008,2,8th,v2241,00090
ICPSR_25422,2008,3,8th,v3244,00090
ICPSR_25422,2008,4,8th,v4244,00090
ICPSR_25422,2008,5,8th,v1250,00090
ICPSR_25422,2008,6,8th,v2241,00090
ICPSR_25422,2008,7,8th,v3244,00090
ICPSR_25422,2008,8,8th,v4244,00090
ICPSR_25422,2008,1,8th,v1259,00310
ICPSR_25422,2008,2,8th,v2250,00310
ICPSR_25422,2008,3,8th,v3253,00310
ICPSR_25422,2008,4,8th,v4253,00310
ICPSR_25422,2008,5,8th,v1259,00310
ICPSR_25422,2008,6,8th,v2250,00310
ICPSR_25422,2008,7,8th,v3253,00310
ICPSR_25422,2008,8,8th,v4253,00310
ICPSR_25422,2008,1,8th,v1260,00320
ICPSR_25422,2008,2,8th,v2251,00320
ICPSR_25422,2008,3,8th,v3254,00320
ICPSR_25422,2008,4,8th,v4254,00320
ICPSR_25422,2008,5,8th,v1260,00320
ICPSR_25422,2008,6,8th,v2251,00320
ICPSR_25422,2008,7,8th,v3254,00320
ICPSR_25422,2008,8,8th,v4254,00320
ICPSR_25422,2008,1,8th,v1264,00380
ICPSR_25422,2008,2,8th,v2255,00380
ICPSR_25422,2008,3,8th,v3258,00380
ICPSR_25422,2008,4,8th,v4258,00380
ICPSR_25422,2008,5,8th,v1264,00380
ICPSR_25422,2008,6,8th,v2255,00380
ICPSR_25422,2008,7,8th,v3258,00380
ICPSR_25422,2008,8,8th,v4258,00380
ICPSR_25422,2008,1,8th,v1284,00630
ICPSR_25422,2008,2,8th,v2275,00630
ICPSR_25422,2008,3,8th,v3278,00630
ICPSR_25422,2008,4,8th,v4278,00630
ICPSR_25422,2008,5,8th,v1284,00630
ICPSR_25422,2008,6,8th,v2275,00630
ICPSR_25422,2008,7,8th,v3278,00630
ICPSR_25422,2008,8,8th,v4278,00630
ICPSR_25422,2008,1,8th,v1108,05920
ICPSR_25422,2008,2,8th,v2108,05920
ICPSR_25422,2008,3,8th,v3108,05920
ICPSR_25422,2008,4,8th,v4108,05920
ICPSR_25422,2008,5,8th,v1108,05920
ICPSR_25422,2008,6,8th,v2108,05920
ICPSR_25422,2008,7,8th,v3108,05920
ICPSR_25422,2008,8,8th,v4108,05920
ICPSR_25422,2008,2,8th,v2139,07930
ICPSR_25422,2008,6,8th,v2139,07930
ICPSR_25422,2008,2,8th,v2140,07950
ICPSR_25422,2008,6,8th,v2140,07950
ICPSR_25422,2008,1,8th,v1101,24770
ICPSR_25422,2008,2,8th,v2101,24770
ICPSR_25422,2008,3,8th,v3101,24770
ICPSR_25422,2008,4,8th,v4101,24770
ICPSR_25422,2008,5,8th,v1101,24770
ICPSR_25422,2008,6,8th,v2101,24770
ICPSR_25422,2008,7,8th,v3101,24770
ICPSR_25422,2008,8,8th,v4101,24770
ICPSR_25422,2008,1,8th,v1290,25860
ICPSR_25422,2008,2,8th,v2281,25860
ICPSR_25422,2008,3,8th,v3283,25860
ICPSR_25422,2008,4,8th,v4283,25860
ICPSR_25422,2008,5,8th,v1290,25860
ICPSR_25422,2008,6,8th,v2281,25860
ICPSR_25422,2008,7,8th,v3283,25860
ICPSR_25422,2008,8,8th,v4283,25860
ICPSR_28402,2009,1,8th,v1246,00030
ICPSR_28402,2009,2,8th,v2238,00030
ICPSR_28402,2009,3,8th,v3240,00030
ICPSR_28402,2009,4,8th,v4241,00030
ICPSR_28402,2009,5,8th,v1246,00030
ICPSR_28402,2009,6,8th,v2238,00030
ICPSR_28402,2009,7,8th,v3240,00030
ICPSR_28402,2009,8,8th,v4241,00030
ICPSR_28402,2009,1,8th,v1250,00090
ICPSR_28402,2009,2,8th,v2242,00090
ICPSR_28402,2009,3,8th,v3244,00090
ICPSR_28402,2009,4,8th,v4245,00090
ICPSR_28402,2009,5,8th,v1250,00090
ICPSR_28402,2009,6,8th,v2242,00090
ICPSR_28402,2009,7,8th,v3244,00090
ICPSR_28402,2009,8,8th,v4245,00090
ICPSR_28402,2009,1,8th,v1259,00310
ICPSR_28402,2009,2,8th,v2251,00310
ICPSR_28402,2009,3,8th,v3253,00310
ICPSR_28402,2009,4,8th,v4254,00310
ICPSR_28402,2009,5,8th,v1259,00310
ICPSR_28402,2009,6,8th,v2251,00310
ICPSR_28402,2009,7,8th,v3253,00310
ICPSR_28402,2009,8,8th,v4254,00310
ICPSR_28402,2009,1,8th,v1260,00320
ICPSR_28402,2009,2,8th,v2252,00320
ICPSR_28402,2009,3,8th,v3254,00320
ICPSR_28402,2009,4,8th,v4255,00320
ICPSR_28402,2009,5,8th,v1260,00320
ICPSR_28402,2009,6,8th,v2252,00320
ICPSR_28402,2009,7,8th,v3254,00320
ICPSR_28402,2009,8,8th,v4255,00320
ICPSR_28402,2009,1,8th,v1264,00380
ICPSR_28402,2009,2,8th,v2256,00380
ICPSR_28402,2009,3,8th,v3258,00380
ICPSR_28402,2009,4,8th,v4259,00380
ICPSR_28402,2009,5,8th,v1264,00380
ICPSR_28402,2009,6,8th,v2256,00380
ICPSR_28402,2009,7,8th,v3258,00380
ICPSR_28402,2009,8,8th,v4259,00380
ICPSR_28402,2009,1,8th,v1284,00630
ICPSR_28402,2009,2,8th,v2276,00630
ICPSR_28402,2009,3,8th,v3278,00630
ICPSR_28402,2009,4,8th,v4279,00630
ICPSR_28402,2009,5,8th,v1284,00630
ICPSR_28402,2009,6,8th,v2276,00630
ICPSR_28402,2009,7,8th,v3278,00630
ICPSR_28402,2009,8,8th,v4279,00630
ICPSR_28402,2009,1,8th,v1108,05920
ICPSR_28402,2009,2,8th,v2108,05920
ICPSR_28402,2009,3,8th,v3108,05920
ICPSR_28402,2009,4,8th,v4108,05920
ICPSR_28402,2009,5,8th,v1108,05920
ICPSR_28402,2009,6,8th,v2108,05920
ICPSR_28402,2009,7,8th,v3108,05920
ICPSR_28402,2009,8,8th,v4108,05920
ICPSR_28402,2009,2,8th,v2140,07930
ICPSR_28402,2009,6,8th,v2140,07930
ICPSR_28402,2009,2,8th,v2141,07950
ICPSR_28402,2009,6,8th,v2141,07950
ICPSR_28402,2009,1,8th,v1101,24770
ICPSR_28402,2009,2,8th,v2101,24770
ICPSR_28402,2009,3,8th,v3101,24770
ICPSR_28402,2009,4,8th,v4101,24770
ICPSR_28402,2009,5,8th,v1101,24770
ICPSR_28402,2009,6,8th,v2101,24770
ICPSR_28402,2009,7,8th,v3101,24770
ICPSR_28402,2009,8,8th,v4101,24770
ICPSR_28402,2009,1,8th,v1290,25860
ICPSR_28402,2009,2,8th,v2282,25860
ICPSR_28402,2009,3,8th,v3283,25860
ICPSR_28402,2009,4,8th,v4284,25860
ICPSR_28402,2009,5,8th,v1290,25860
ICPSR_28402,2009,6,8th,v2282,25860
ICPSR_28402,2009,7,8th,v3283,25860
ICPSR_28402,2009,8,8th,v4284,25860
ICPSR_30984,2010,1,8th,v1253,00030
ICPSR_30984,2010,2,8th,v2238,00030
ICPSR_30984,2010,3,8th,v3240,00030
ICPSR_30984,2010,4,8th,v4241,00030
ICPSR_30984,2010,5,8th,v1253,00030
ICPSR_30984,2010,6,8th,v2238,00030
ICPSR_30984,2010,7,8th,v3240,00030
ICPSR_30984,2010,8,8th,v4241,00030
ICPSR_30984,2010,1,8th,v1257,00090
ICPSR_30984,2010,2,8th,v2242,00090
ICPSR_30984,2010,3,8th,v3244,00090
ICPSR_30984,2010,4,8th,v4245,00090
ICPSR_30984,2010,5,8th,v1257,00090
ICPSR_30984,2010,6,8th,v2242,00090
ICPSR_30984,2010,7,8th,v3244,00090
ICPSR_30984,2010,8,8th,v4245,00090
ICPSR_30984,2010,1,8th,v1266,00310
ICPSR_30984,2010,2,8th,v2251,00310
ICPSR_30984,2010,3,8th,v3253,00310
ICPSR_30984,2010,4,8th,v4254,00310
ICPSR_30984,2010,5,8th,v1266,00310
ICPSR_30984,2010,6,8th,v2251,00310
ICPSR_30984,2010,7,8th,v3253,00310
ICPSR_30984,2010,8,8th,v4254,00310
ICPSR_30984,2010,1,8th,v1267,00320
ICPSR_30984,2010,2,8th,v2252,00320
ICPSR_30984,2010,3,8th,v3254,00320
ICPSR_30984,2010,4,8th,v4255,00320
ICPSR_30984,2010,5,8th,v1267,00320
ICPSR_30984,2010,6,8th,v2252,00320
ICPSR_30984,2010,7,8th,v3254,00320
ICPSR_30984,2010,8,8th,v4255,00320
ICPSR_30984,2010,1,8th,v1271,00380
ICPSR_30984,2010,2,8th,v2256,00380
ICPSR_30984,2010,3,8th,v3258,00380
ICPSR_30984,2010,4,8th,v4259,00380
ICPSR_30984,2010,5,8th,v1271,00380
ICPSR_30984,2010,6,8th,v2256,00380
ICPSR_30984,2010,7,8th,v3258,00380
ICPSR_30984,2010,8,8th,v4259,00380
ICPSR_30984,2010,1,8th,v1291,00630
ICPSR_30984,2010,2,8th,v2276,00630
ICPSR_30984,2010,3,8th,v3278,00630
ICPSR_30984,2010,4,8th,v4279,00630
ICPSR_30984,2010,5,8th,v1291,00630
ICPSR_30984,2010,6,8th,v2276,00630
ICPSR_30984,2010,7,8th,v3278,00630
ICPSR_30984,2010,8,8th,v4279,00630
ICPSR_30984,2010,1,8th,v1108,05920
ICPSR_30984,2010,2,8th,v2108,05920
ICPSR_30984,2010,3,8th,v3108,05920
ICPSR_30984,2010,4,8th,v4108,05920
ICPSR_30984,2010,5,8th,v1108,05920
ICPSR_30984,2010,6,8th,v2108,05920
ICPSR_30984,2010,7,8th,v3108,05920
ICPSR_30984,2010,8,8th,v4108,05920
ICPSR_30984,2010,2,8th,v2140,07930
ICPSR_30984,2010,6,8th,v2140,07930
ICPSR_30984,2010,2,8th,v2141,07950
ICPSR_30984,2010,6,8th,v2141,07950
ICPSR_30984,2010,1,8th,v1101,24770
ICPSR_30984,2010,2,8th,v2101,24770
ICPSR_30984,2010,3,8th,v3101,24770
ICPSR_30984,2010,4,8th,v4101,24770
ICPSR_30984,2010,5,8th,v1101,24770
ICPSR_30984,2010,6,8th,v2101,24770
ICPSR_30984,2010,7,8th,v3101,24770
ICPSR_30984,2010,8,8th,v4101,24770
ICPSR_30984,2010,1,8th,v1297,25860
ICPSR_30984,2010,2,8th,v2282,25860
ICPSR_30984,2010,3,8th,v3283,25860
ICPSR_30984,2010,4,8th,v4284,25860
ICPSR_30984,2010,5,8th,v1297,25860
ICPSR_30984,2010,6,8th,v2282,25860
ICPSR_30984,2010,7,8th,v3283,25860
ICPSR_30984,2010,8,8th,v4284,25860
ICPSR_33902,2011,1,8th,v1253,00030
ICPSR_33902,2011,2,8th,v2238,00030
ICPSR_33902,2011,3,8th,v3240,00030
ICPSR_33902,2011,4,8th,v4241,00030
ICPSR_33902,2011,5,8th,v1253,00030
ICPSR_33902,2011,6,8th,v2238,00030
ICPSR_33902,2011,7,8th,v3240,00030
ICPSR_33902,2011,8,8th,v4241,00030
ICPSR_33902,2011,1,8th,v1257,00090
ICPSR_33902,2011,2,8th,v2242,00090
ICPSR_33902,2011,3,8th,v3244,00090
ICPSR_33902,2011,4,8th,v4245,00090
ICPSR_33902,2011,5,8th,v1257,00090
ICPSR_33902,2011,6,8th,v2242,00090
ICPSR_33902,2011,7,8th,v3244,00090
ICPSR_33902,2011,8,8th,v4245,00090
ICPSR_33902,2011,1,8th,v1266,00310
ICPSR_33902,2011,2,8th,v2251,00310
ICPSR_33902,2011,3,8th,v3253,00310
ICPSR_33902,2011,4,8th,v4254,00310
ICPSR_33902,2011,5,8th,v1266,00310
ICPSR_33902,2011,6,8th,v2251,00310
ICPSR_33902,2011,7,8th,v3253,00310
ICPSR_33902,2011,8,8th,v4254,00310
ICPSR_33902,2011,1,8th,v1267,00320
ICPSR_33902,2011,2,8th,v2252,00320
ICPSR_33902,2011,3,8th,v3254,00320
ICPSR_33902,2011,4,8th,v4255,00320
ICPSR_33902,2011,5,8th,v1267,00320
ICPSR_33902,2011,6,8th,v2252,00320
ICPSR_33902,2011,7,8th,v3254,00320
ICPSR_33902,2011,8,8th,v4255,00320
ICPSR_33902,2011,1,8th,v1271,00380
ICPSR_33902,2011,2,8th,v2256,00380
ICPSR_33902,2011,3,8th,v3258,00380
ICPSR_33902,2011,4,8th,v4259,00380
ICPSR_33902,2011,5,8th,v1271,00380
ICPSR_33902,2011,6,8th,v2256,00380
ICPSR_33902,2011,7,8th,v3258,00380
ICPSR_33902,2011,8,8th,v4259,00380
ICPSR_33902,2011,1,8th,v1291,00630
ICPSR_33902,2011,2,8th,v2276,00630
ICPSR_33902,2011,3,8th,v3278,00630
ICPSR_33902,2011,4,8th,v4279,00630
ICPSR_33902,2011,5,8th,v1291,00630
ICPSR_33902,2011,6,8th,v2276,00630
ICPSR_33902,2011,7,8th,v3278,00630
ICPSR_33902,2011,8,8th,v4279,00630
ICPSR_33902,2011,1,8th,v1108,05920
ICPSR_33902,2011,2,8th,v2108,05920
ICPSR_33902,2011,3,8th,v3108,05920
ICPSR_33902,2011,4,8th,v4108,05920
ICPSR_33902,2011,5,8th,v1108,05920
ICPSR_33902,2011,6,8th,v2108,05920
ICPSR_33902,2011,7,8th,v3108,05920
ICPSR_33902,2011,8,8th,v4108,05920
ICPSR_33902,2011,2,8th,v2140,07930
ICPSR_33902,2011,6,8th,v2140,07930
ICPSR_33902,2011,2,8th,v2141,07950
ICPSR_33902,2011,6,8th,v2141,07950
ICPSR_33902,2011,1,8th,v1101,24770
ICPSR_33902,2011,2,8th,v2101,24770
ICPSR_33902,2011,3,8th,v3101,24770
ICPSR_33902,2011,4,8th,v4101,24770
ICPSR_33902,2011,5,8th,v1101,24770
ICPSR_33902,2011,6,8th,v2101,24770
ICPSR_33902,2011,7,8th,v3101,24770
ICPSR_33902,2011,8,8th,v4101,24770
ICPSR_33902,2011,1,8th,v1297,25860
ICPSR_33902,2011,2,8th,v2282,25860
ICPSR_33902,2011,3,8th,v3283,25860
ICPSR_33902,2011,4,8th,v4284,25860
ICPSR_33902,2011,5,8th,v1297,25860
ICPSR_33902,2011,6,8th,v2282,25860
ICPSR_33902,2011,7,8th,v3283,25860
ICPSR_33902,2011,8,8th,v4284,25860
ICPSR_34574,2012,1,8th,v7202,00030
ICPSR_34574,2012,1,8th,v7206,00090
ICPSR_34574,2012,1,8th,v7215,00310
ICPSR_34574,2012,1,8th,v7216,00320
ICPSR_34574,2012,1,8th,v7220,00380
ICPSR_34574,2012,1,8th,v7240,00630
ICPSR_34574,2012,1,8th,v7378,05925
ICPSR_34574,2012,1,8th,v7339,07930
ICPSR_34574,2012,1,8th,v7340,07950
ICPSR_34574,2012,1,8th,v7301,24770
ICPSR_34574,2012,1,8th,v7254,25860
ICPSR_35166,2013,1,8th,v7202,00030
ICPSR_35166,2013,1,8th,v7206,00090
ICPSR_35166,2013,1,8th,v7215,00310
ICPSR_35166,2013,1,8th,v7216,00320
ICPSR_35166,2013,1,8th,v7220,00380
ICPSR_35166,2013,1,8th,v7240,00630
ICPSR_35166,2013,1,8th,v7378,05925
ICPSR_35166,2013,1,8th,v7339,07930
ICPSR_35166,2013,1,8th,v7340,07950
ICPSR_35166,2013,1,8th,v7301,24770
ICPSR_35166,2013,1,8th,v7254,25860
ICPSR_36149,2014,1,8th,v7202,00030
ICPSR_36149,2014,1,8th,v7206,00090
ICPSR_36149,2014,1,8th,v7215,00310
ICPSR_36149,2014,1,8th,v7216,00320
ICPSR_36149,2014,1,8th,v7220,00380
ICPSR_36149,2014,1,8th,v7240,00630
ICPSR_36149,2014,1,8th,v7378,05925
ICPSR_36149,2014,1,8th,v7339,07930
ICPSR_36149,2014,1,8th,v7340,07950
ICPSR_36149,2014,1,8th,v7301,24770
ICPSR_36149,2014,1,8th,v7254,25860
ICPSR_36407,2015,1,8th,v7202,00030
ICPSR_36407,2015,1,8th,v7206,00090
ICPSR_36407,2015,1,8th,v7215,00310
ICPSR_36407,2015,1,8th,v7216,00320
ICPSR_36407,2015,1,8th,v7220,00380
ICPSR_36407,2015,1,8th,v7240,00630
ICPSR_36407,2015,1,8th,v7378,05925
ICPSR_36407,2015,1,8th,v7339,07930
ICPSR_36407,2015,1,8th,v7340,07950
ICPSR_36407,2015,1,8th,v7301,24770
ICPSR_36407,2015,1,8th,v7254,25860
ICPSR_36799,2016,1,8th,v7202,00030
ICPSR_36799,2016,1,8th,v7206,00090
ICPSR_36799,2016,1,8th,v7215,00310
ICPSR_36799,2016,1,8th,v7216,00320
ICPSR_36799,2016,1,8th,v7220,00380
ICPSR_36799,2016,1,8th,v7240,00630
ICPSR_36799,2016,1,8th,v7378,05925
ICPSR_36799,2016,1,8th,v7339,07930
ICPSR_36799,2016,1,8th,v7340,07950
ICPSR_36799,2016,1,8th,v7301,24770
ICPSR_36799,2016,1,8th,v7254,25860
ICPSR_37183,2017,1,8th,v7202,00030
ICPSR_37183,2017,1,8th,v7206,00090
ICPSR_37183,2017,1,8th,v7215,00310
ICPSR_37183,2017,1,8th,v7216,00320
ICPSR_37183,2017,1,8th,v7220,00380
ICPSR_37183,2017,1,8th,v7240,00630
ICPSR_37183,2017,1,8th,v7378,05925
ICPSR_37183,2017,1,8th,v7339,07930
ICPSR_37183,2017,1,8th,v7340,07950
ICPSR_37183,2017,1,8th,v7301,24770
ICPSR_37183,2017,1,8th,v7254,25860
ICPSR_37415,2018,1,8th,v7202,00030
ICPSR_37415,2018,1,8th,v7206,00090
ICPSR_37415,2018,1,8th,v7215,00310
ICPSR_37415,2018,1,8th,v7216,00320
ICPSR_37415,2018,1,8th,v7220,00380
ICPSR_37415,2018,1,8th,v7240,00630
ICPSR_37415,2018,1,8th,v7378,05925
ICPSR_37415,2018,1,8th,v7339,07930
ICPSR_37415,2018,1,8th,v7340,07950
ICPSR_37415,2018,1,8th,v7301,24770
ICPSR_37415,2018,1,8th,v7254,25860
ICPSR_37415,2018,1,8th,v7682,34700
ICPSR_37415,2018,1,8th,v7685,34730
ICPSR_37415,2018,1,8th,v7689,34770
ICPSR_37415,2018,1,8th,v7690,34780
ICPSR_37842,2019,1,8th,v7202,00030
ICPSR_37842,2019,1,8th,v7206,00090
ICPSR_37842,2019,1,8th,v7215,00310
ICPSR_37842,2019,1,8th,v7216,00320
ICPSR_37842,2019,1,8th,v7220,00380
ICPSR_37842,2019,1,8th,v7240,00630
ICPSR_37842,2019,1,8th,v7378,05925
ICPSR_37842,2019,1,8th,v7339,07930
ICPSR_37842,2019,1,8th,v7340,07950
ICPSR_37842,2019,1,8th,v7301,24770
ICPSR_37842,2019,1,8th,v7254,25860
ICPSR_37842,2019,1,8th,v7682,34700
ICPSR_37842,2019,1,8th,v7685,34730
ICPSR_37842,2019,1,8th,v7689,34770
ICPSR_37842,2019,1,8th,v7690,34780
ICPSR_38189,2020,1,8th,v7202,00030
ICPSR_38189,2020,1,8th,v7206,00090
ICPSR_38189,2020,1,8th,v7215,00310
ICPSR_38189,2020,1,8th,v7216,00320
ICPSR_38189,2020,1,8th,v7220,00380
ICPSR_38189,2020,1,8th,v7240,00630
ICPSR_38189,2020,1,8th,v7378,05925
ICPSR_38189,2020,1,8th,v7339,07930
ICPSR_38189,2020,1,8th,v7340,07950
ICPSR_38189,2020,1,8th,v7301,24770
ICPSR_38189,2020,1,8th,v7254,25860
ICPSR_38189,2020,1,8th,v7682,34700
ICPSR_38189,2020,1,8th,v7685,34730
ICPSR_38189,2020,1,8th,v7689,34770
ICPSR_38189,2020,1,8th,v7690,34780
ICPSR_38502,2021,1,8th,v7202,00030
ICPSR_38502,2021,1,8th,v7206,00090
ICPSR_38502,2021,1,8th,v7215,00310
ICPSR_38502,2021,1,8th,v7216,00320
ICPSR_38502,2021,1,8th,v7220,00380
ICPSR_38502,2021,1,8th,v7240,00630
ICPSR_38502,2021,1,8th,v7378,05925
ICPSR_38502,2021,1,8th,v7339,07930
ICPSR_38502,2021,1,8th,v7340,07950
ICPSR_38502,2021,1,8th,v7301,24770
ICPSR_38502,2021,1,8th,v7254,25860
ICPSR_38502,2021,1,8th,v7682,34700
ICPSR_38502,2021,1,8th,v7685,34730
ICPSR_38502,2021,1,8th,v7689,34770
ICPSR_38502,2021,1,8th,v7690,34780
ICPSR_38883,2022,1,8th,v7202,00030
ICPSR_38883,2022,1,8th,v7206,00090
ICPSR_38883,2022,1,8th,v7215,00310
ICPSR_38883,2022,1,8th,v7216,00320
ICPSR_38883,2022,1,8th,v7220,00380
ICPSR_38883,2022,1,8th,v7240,00630
ICPSR_38883,2022,1,8th,v7378,05925
ICPSR_38883,2022,1,8th,v7339,07930
ICPSR_38883,2022,1,8th,v7340,07950
ICPSR_38883,2022,1,8th,v7301,24770
ICPSR_38883,2022,1,8th,v7254,25860
ICPSR_38883,2022,1,8th,v7682,34700
ICPSR_38883,2022,1,8th,v7685,34730
ICPSR_38883,2022,1,8th,v7689,34770
ICPSR_38883,2022,1,8th,v7690,34780
ICPSR_39171,2023,1,8th,v7202,00030
ICPSR_39171,2023,1,8th,v7206,00090
ICPSR_39171,2023,1,8th,v7215,00310
ICPSR_39171,2023,1,8th,v7216,00320
ICPSR_39171,2023,1,8th,v7220,00380
ICPSR_39171,2023,1,8th,v7240,00630
ICPSR_39171,2023,1,8th,v7378,05925
ICPSR_39171,2023,1,8th,v7339,07930
ICPSR_39171,2023,1,8th,v7340,07950
ICPSR_39171,2023,1,8th,v7301,24770
ICPSR_39171,2023,1,8th,v7254,25860
ICPSR_39171,2023,1,8th,v7682,34700
ICPSR_39171,2023,1,8th,v7685,34730
ICPSR_39171,2023,1,8th,v7689,34770
ICPSR_39171,2023,1,8th,v7690,34780
